{"Metrics/slip_velocity_mean":0.24284948408603668,"_wandb":{"runtime":278},"Loss/learning_rate":0.00011390625000000006,"Episode_Reward/soft_landing":-4.052737494930625e-06,"Episode_Reward/foot_clearance":-0.0036259701009839773,"Perf/learning_time":0.11040663719177246,"Metrics/twist/error_vel_yaw":0.06964626163244247,"Episode_Reward/dof_pos_limits":-7.899677439127117e-05,"Episode_Reward/angular_momentum":0,"Episode_Reward/action_rate_l2":-0.028696414083242416,"Episode_Reward/pose":0.05797917768359184,"Curriculum/command_vel/lin_vel_y_min":-1,"Episode_Reward/body_ang_vel":0,"Curriculum/command_vel/ang_vel_z_max":0.5,"Perf/total_fps":10927,"Loss/entropy":5.133589577674866,"Metrics/twist/error_vel_xy":0.19156023859977722,"Episode_Termination/illegal_contact":8.375,"Episode_Reward/foot_swing_height":-0.0009682349627837539,"_step":108,"Curriculum/terrain_levels":0,"Episode_Reward/track_angular_velocity":0.03207588940858841,"Policy/mean_noise_std":0.46322327852249146,"Metrics/peak_height_mean":0.18745145201683044,"Curriculum/command_vel/lin_vel_x_max":1,"Curriculum/command_vel/lin_vel_x_min":-1,"Episode_Termination/fell_over":6.875,"Episode_Reward/air_time":0,"Episode_Reward/foot_slip":-0.0012242968659847975,"Perf/collection_time":2.138669013977051,"Train/mean_episode_length":73.31,"Episode_Reward/upright":0.06651688367128372,"Train/mean_reward":2.8459619522094726,"Episode_Termination/time_out":0,"Curriculum/command_vel/lin_vel_y_max":1,"Metrics/landing_force_mean":169.6537628173828,"Loss/value":0.03018126664683223,"Curriculum/command_vel/ang_vel_z_min":-0.5,"_timestamp":1.777021289807481e+09,"_runtime":278.3047639,"Loss/surrogate":-0.0009174096572678536,"Episode_Reward/track_linear_velocity":0.02132522314786911}